City_ID,City,Lat,Lng,Max Temp,Humidity,Cloudiness,Wind Speed,Country,Date
0,constitucion,-35.3333,-72.4167,11.04,83,11,6.26,CL,1696978534
1,puerto ayora,-0.7393,-90.3518,29.98,91,47,4.02,EC,1696978534
2,port-aux-francais,-49.35,70.2167,1.09,67,99,16.13,TF,1696978534
3,wailua homesteads,22.0669,-159.378,28.24,74,40,4.12,US,1696978534
4,college,64.8569,-147.8028,-1.03,86,100,3.6,US,1696978535
5,grafton,42.207,-71.6856,14.07,82,75,2.06,US,1696978522
6,hawaiian paradise park,19.5933,-154.9731,27.15,78,100,2.57,US,1696978535
7,lihue,21.9789,-159.3672,28.58,67,40,4.12,US,1696978535
8,karyes,37.3,22.5,16.22,65,2,1.9,GR,1696978536
9,pathein,16.7833,94.7333,23.25,97,97,2.06,MM,1696978536
10,kalaoa,19.7286,-155.9817,26.29,74,20,5.14,US,1696978238
11,punta arenas,-53.15,-70.9167,5.06,75,0,11.83,CL,1696978378
12,waitangi,-43.9535,-176.5597,11.01,66,81,3.13,NZ,1696978536
13,vila velha,-20.3297,-40.2925,22.97,91,100,3.58,BR,1696978520
14,wamba,8.9333,8.6,24.01,90,27,0.66,NG,1696978537
15,aldinga beach,-35.2793,138.4604,26.81,45,1,7.33,AU,1696978529
16,bodaybo,57.8506,114.1933,10.27,81,100,2.24,RU,1696978537
17,quintanar del rey,39.3382,-1.9389,17.12,61,14,3.0,ES,1696978537
18,harstad,68.799,16.5293,3.97,83,100,12.07,NO,1696978537
19,udachny,66.4167,112.4,8.03,81,100,10.42,RU,1696978537
20,tambacounda,13.7539,-13.7586,25.03,88,20,2.06,SN,1696978538
21,west island,-12.1568,96.8225,24.99,78,100,6.69,CC,1696978538
22,conceicao da barra,-18.5933,-39.7322,24.19,85,2,2.43,BR,1696978538
23,adamstown,-25.066,-130.1015,20.35,66,97,5.98,PN,1696978538
24,lompoc,34.6391,-120.4579,25.99,71,20,10.8,US,1696978404
25,mosjoen,65.836,13.1908,8.06,93,100,2.24,NO,1696978539
26,papatowai,-46.5619,169.4708,10.68,47,83,6.68,NZ,1696978539
27,presidencia de la plaza,-27.0015,-59.8424,29.94,37,5,4.59,AR,1696978539
28,kodiak,57.79,-152.4072,6.04,48,1,1.66,US,1696978297
29,uturoa,-16.7333,-151.4333,26.43,80,62,4.67,PF,1696978540
30,sweet home,44.3976,-122.7362,17.62,67,58,0.89,US,1696978540
31,grytviken,-54.2811,-36.5092,0.98,99,100,3.6,GS,1696978540
32,margaret river,-33.95,115.0667,13.36,59,62,5.87,AU,1696978540
33,albany,42.6001,-73.9662,13.03,72,100,1.36,US,1696978260
34,blackmans bay,-43.0167,147.3167,14.29,60,69,0.38,AU,1696978540
35,ola,59.5833,151.2833,-0.88,66,98,1.83,RU,1696978541
36,thompson,55.7435,-97.8558,12.09,50,75,1.03,CA,1696978541
37,gizo,-8.103,156.8419,28.6,78,91,3.88,SB,1696978541
38,whitehorse,60.7161,-135.0538,10.01,59,75,6.71,CA,1696978542
39,gadzhiyevo,69.2551,33.3362,-0.96,84,13,2.83,RU,1696978542
40,ouani,-12.1322,44.4258,24.7,83,44,3.52,KM,1696978542
41,acarau,-2.8856,-40.12,26.07,78,0,8.2,BR,1696978542
42,yellowknife,62.456,-114.3525,14.12,78,40,5.14,CA,1696978387
43,padang,-0.9492,100.3543,25.03,91,80,1.78,ID,1696978543
44,georgetown,5.4112,100.3354,25.53,97,40,2.68,MY,1696978378
45,avarua,-21.2078,-159.775,25.03,61,95,3.6,CK,1696978291
46,ulladulla,-35.35,150.4667,19.32,61,26,2.85,AU,1696978543
47,ribeira grande,38.5167,-28.7,19.87,86,70,4.47,PT,1696978543
48,constantia,44.1833,28.65,8.38,47,21,3.84,RO,1696978543
49,basse santa su,13.31,-14.2137,25.63,82,90,3.25,GM,1696978544
50,vadso,70.0744,29.7487,-1.91,80,20,5.66,NO,1696978544
51,ust-nera,64.5667,143.2,-7.1,96,100,1.79,RU,1696978544
52,chimore,-16.9833,-65.1333,35.69,29,61,1.83,BO,1696978544
53,anadyr,64.75,177.4833,0.28,74,75,4.0,RU,1696978544
54,buka,40.8108,69.1986,18.3,28,13,0.95,UZ,1696978545
55,capo d'orlando,38.1435,14.7305,20.23,54,0,1.36,IT,1696978545
56,dalandzadgad,43.5708,104.425,7.4,33,94,1.79,MN,1696978545
57,nagtipunan,16.2167,121.6,24.37,98,77,1.28,PH,1696978545
58,talnakh,69.4865,88.3972,1.23,97,100,4.81,RU,1696978545
59,edinburgh of the seven seas,-37.0676,-12.3116,13.83,94,100,5.68,SH,1696978546
60,melfort,52.8667,-104.6177,15.07,36,0,6.69,CA,1696978546
61,griffith,41.5284,-87.4237,16.7,41,75,5.14,US,1696978546
62,mount gambier,-37.8333,140.7667,17.83,37,5,5.3,AU,1696978546
63,tazovsky,67.4667,78.7,3.01,97,100,9.62,RU,1696978546
64,aasiaat,68.7098,-52.8699,-1.86,97,100,4.9,GL,1696978547
65,jamestown,42.097,-79.2353,11.12,53,100,4.63,US,1696978547
66,sankt veit an der glan,46.7681,14.3603,15.44,100,23,1.54,AT,1696978547
67,lata,40.1629,-8.3327,19.95,48,1,0.99,PT,1696978547
68,araripe,-7.2125,-40.0461,25.66,29,35,3.22,BR,1696978547
69,hobyo,5.3505,48.5268,26.06,89,95,8.09,SO,1696978548
70,miyako,39.6367,141.9525,15.4,75,42,4.49,JP,1696978548
71,argo,37.6333,22.7333,22.66,65,13,1.09,GR,1696978548
72,port lincoln,-34.7333,135.8667,22.77,37,3,7.49,AU,1696978548
73,kirakira,-10.4544,161.9205,28.26,80,86,5.07,SB,1696978548
74,cliza,-17.6,-65.9333,25.94,57,24,4.28,BO,1696978549
75,port saint john's,-31.6229,29.5448,19.25,94,100,5.72,ZA,1696978549
76,iskateley,67.6803,53.1512,1.12,76,55,4.02,RU,1696978549
77,ushuaia,-54.8,-68.3,1.81,75,100,5.81,AR,1696978478
78,geraldton,-28.7667,114.6,11.23,71,0,6.17,AU,1696978284
79,utrik,11.2278,169.8474,28.0,71,95,6.43,MH,1696978549
80,invercargill,-46.4,168.35,11.68,64,81,4.02,NZ,1696978550
81,yanykurgan,43.915,67.2481,11.69,37,5,4.43,KZ,1696978550
82,port macquarie,-31.4333,152.9167,22.16,66,5,1.39,AU,1696977939
83,puerto natales,-51.7236,-72.4875,3.86,82,48,5.07,CL,1696978550
84,port elizabeth,-33.918,25.5701,16.29,97,100,1.34,ZA,1696978550
85,keita,14.7551,5.7749,31.28,21,36,1.42,NE,1696978550
86,shakawe,-18.3667,21.85,24.98,43,83,1.27,BW,1696978551
87,ilulissat,69.2167,-51.1,-1.99,86,100,0.0,GL,1696978551
88,longyearbyen,78.2186,15.6401,-8.09,62,20,3.6,SJ,1696978551
89,rio grande,-32.035,-52.0986,20.06,85,0,8.61,BR,1696978551
90,macusani,-14.0833,-70.4333,6.35,72,18,3.17,PE,1696978551
91,klyuchi,52.2667,79.1667,15.06,53,100,5.62,RU,1696978552
92,iqaluit,63.7506,-68.5145,0.85,80,100,1.54,CA,1696978552
93,fort bragg,35.139,-79.006,27.08,43,0,5.66,US,1696978552
94,aykhal,66.0,111.5,5.59,92,100,13.41,RU,1696978552
95,maceio,-9.6658,-35.7353,23.69,100,0,2.06,BR,1696978553
96,kalmunai,7.4167,81.8167,25.19,88,82,4.8,LK,1696978553
97,cockburn town,21.4612,-71.1419,29.3,77,96,6.59,TC,1696978553
98,cabo san lucas,22.8909,-109.9124,30.42,82,75,3.13,MX,1696978553
99,valparaiso,-33.0393,-71.6273,15.8,71,75,7.72,CL,1696978393
100,nemuro,43.3236,145.575,12.2,68,36,9.14,JP,1696978554
101,namtsy,62.7161,129.6658,3.91,92,100,4.83,RU,1696978554
102,hadibu,12.65,54.0333,26.72,81,75,1.88,YE,1696978554
103,diboll,31.1871,-94.781,27.16,61,0,3.09,US,1696978344
104,nova vicosa,-17.8919,-39.3719,24.13,85,22,4.01,BR,1696978554
105,opuwo,-18.0607,13.84,21.72,35,55,2.17,NA,1696978555
106,aginskoye,51.1,114.53,4.04,89,8,2.15,RU,1696978555
107,qaqortoq,60.7167,-46.0333,5.37,57,100,1.95,GL,1696978555
108,howrah,22.5892,88.3103,28.0,89,40,0.0,IN,1696978555
109,kapit,2.0167,112.9333,23.14,98,96,0.28,MY,1696978556
110,mulayjah,27.271,48.4242,28.56,21,0,1.42,SA,1696978556
111,tiksi,71.6872,128.8694,-12.75,99,65,0.69,RU,1696978556
112,arno,60.1167,18.6333,9.32,91,100,9.18,SE,1696978556
113,vilyuchinsk,52.9306,158.4028,5.15,60,15,5.44,RU,1696978556
114,senges,-24.1128,-49.4636,18.34,86,19,3.63,BR,1696978557
115,susuman,62.7833,148.1667,-11.97,92,88,0.45,RU,1696978557
116,calama,-22.4667,-68.9333,22.27,10,0,9.77,CL,1696978557
117,holly springs,35.6513,-78.8336,21.72,72,61,0.45,US,1696978444
118,barra de santo antonio,-9.4047,-35.5072,23.6,80,62,2.73,BR,1696978557
119,rock springs,41.5875,-109.2029,18.91,25,75,8.75,US,1696978557
120,mount isa,-20.7333,139.5,27.87,32,1,3.6,AU,1696978558
121,san jose del cabo,23.0589,-109.6977,30.41,80,75,5.14,MX,1696978524
122,atafu village,-8.5421,-172.5159,28.49,77,84,4.8,TK,1696978558
123,usinsk,65.9939,57.5281,2.26,76,100,10.73,RU,1696978558
124,badger,64.8,-147.5333,-1.07,85,100,3.6,US,1696978558
125,quellon,-43.1167,-73.6167,7.24,64,37,5.84,CL,1696978559
126,vilyuysk,63.7553,121.6247,6.77,91,100,4.47,RU,1696978559
127,maridi,4.9158,29.4742,19.98,98,100,1.99,SS,1696978559
128,hamilton,39.1834,-84.5333,16.91,41,0,3.13,US,1696978034
129,egilsstadir,65.2653,-14.3948,3.95,81,100,8.23,IS,1696978559
130,berezovyy,51.6667,135.7,5.43,64,16,1.52,RU,1696978560
131,bethel,41.3712,-73.414,16.05,75,0,2.57,US,1696978560
132,acapulco de juarez,16.8634,-99.8901,25.9,89,100,2.57,MX,1696978288
133,kenai,60.5544,-151.2583,6.72,66,100,3.09,US,1696978560
134,genhe,50.7833,121.5167,4.56,70,6,0.24,CN,1696978560
135,bilibino,68.0546,166.4372,-13.32,93,86,1.33,RU,1696978561
136,zalingei,12.9096,23.4741,25.16,62,98,2.4,SD,1696978561
137,fulton,33.7668,-84.4499,25.24,55,75,6.69,US,1696978539
138,naze,28.3667,129.4833,23.51,72,98,5.04,JP,1696978561
139,taungoo,18.9333,96.4333,23.35,98,100,0.58,MM,1696978561
140,baardheere,2.3446,42.2764,26.08,63,61,6.45,SO,1696978562
141,bonthe,7.5264,-12.505,25.66,88,98,2.46,SL,1696978562
142,ar rutbah,33.0381,40.2848,20.43,58,4,1.99,IQ,1696978562
143,kerimaki,61.9167,29.2833,4.97,100,75,3.6,FI,1696978562
144,tippi,7.2,35.45,18.31,85,62,1.53,ET,1696978562
145,treasure island,27.7692,-82.769,28.39,67,0,4.12,US,1696978563
146,greymouth,-42.4667,171.2,10.73,74,70,5.83,NZ,1696978563
147,hermanus,-34.4187,19.2345,14.5,88,7,4.79,ZA,1696978457
148,newman,37.3138,-121.0208,26.7,53,8,2.68,US,1696978563
149,polyarnyy,69.1989,33.4478,-0.74,84,11,2.74,RU,1696978563
150,al hayy,32.1735,46.0433,31.22,21,68,1.97,IQ,1696978564
151,hanzhong,33.0728,107.0303,14.97,88,94,1.04,CN,1696978564
152,chui,-33.6971,-53.4616,15.76,91,48,4.89,UY,1696978564
153,saipan,15.1355,145.701,27.39,94,100,11.32,MP,1696978564
154,reggane,26.7158,0.1714,28.35,18,100,7.05,DZ,1696978564
155,tosontsengel,48.7567,98.2839,0.51,92,7,1.1,MN,1696978565
156,minas de marcona,-15.2119,-75.1103,15.24,78,61,6.25,PE,1696978565
157,belmonte,-15.8631,-38.8828,23.87,86,30,3.82,BR,1696978565
158,madimba,-10.4,40.3333,23.68,84,28,3.23,TZ,1696978565
159,novyy urengoy,66.0833,76.6333,3.1,96,100,8.99,RU,1696978565
160,ash shatrah,31.4117,46.1742,31.34,19,20,2.9,IQ,1696978566
161,tommot,58.9564,126.2925,7.81,83,100,4.89,RU,1696978446
162,pryor creek,36.3084,-95.3169,27.77,58,2,0.45,US,1696978566
163,zastron,-30.3023,27.084,16.93,20,100,2.02,ZA,1696978566
164,luanda,-8.8368,13.2343,25.0,83,40,2.57,AO,1696978567
165,pierre,44.3683,-100.351,18.81,45,0,6.69,US,1696978567
166,hithadhoo,-0.6,73.0833,27.3,75,97,7.54,MV,1696978567
167,campo gallo,-26.5833,-62.85,31.89,34,1,2.28,AR,1696978567
168,yerofey pavlovich,53.9667,121.9667,4.11,72,20,1.03,RU,1696978567
169,santa cruz,-17.8,-63.1667,32.03,45,15,8.23,BO,1696978309
170,wanning,18.8003,110.3967,24.37,96,98,1.93,CN,1696978568
171,amalapuram,16.5833,82.0167,24.27,89,0,1.0,IN,1696978568
172,westport,41.1415,-73.3579,17.12,74,99,3.58,US,1696978396
173,san antonio de pale,-1.4014,5.6325,25.65,84,96,5.67,GQ,1696978568
174,afaahiti,-17.75,-149.2833,28.93,85,81,4.1,PF,1696978569
175,lae,-6.7221,146.9847,25.37,76,74,1.25,PG,1696978569
176,bodden town,19.2833,-81.25,28.32,86,75,2.24,KY,1696978569
177,birao,10.2849,22.7882,20.91,88,90,2.31,CF,1696978569
178,la passe,45.5549,-0.8967,17.21,72,0,0.54,FR,1696978569
179,kapa'a,22.0752,-159.319,28.99,74,40,4.12,US,1696978570
180,holualoa,19.6228,-155.9522,27.1,72,20,5.14,US,1696978570
181,ad darb,17.7229,42.2526,29.44,77,2,0.75,SA,1696978570
182,seguela,7.9611,-6.6731,22.86,92,97,0.94,CI,1696978571
183,pader palwo,2.8006,33.135,20.3,90,94,0.12,UG,1696978571
184,stanley,54.868,-1.6985,17.09,84,40,5.66,GB,1696978571
185,laguna,38.421,-121.4238,23.41,49,75,6.17,US,1696978571
186,vuktyl,63.8567,57.3094,2.28,96,100,4.92,RU,1696978571
187,olonkinbyen,70.9221,-8.7187,3.41,77,100,16.65,SJ,1696978572
188,isafjordur,66.0755,-23.124,1.56,97,100,13.04,IS,1696978572
189,magadan,59.5667,150.8,-1.21,87,100,2.68,RU,1696978572
190,gaspe,48.8334,-64.4819,13.12,94,75,0.0,CA,1696978572
191,mersa matruh,31.3525,27.2453,22.11,68,40,2.06,EG,1696978572
192,st. john's,47.5649,-52.7093,11.55,98,100,7.2,CA,1696978441
193,vorgashor,67.5833,63.95,0.24,86,100,5.39,RU,1696978573
194,chibougamau,49.9168,-74.3659,7.79,81,100,3.6,CA,1696978573
195,callao,-12.0667,-77.15,23.73,77,75,7.2,PE,1696978573
196,kapuskasing,49.4169,-82.4331,5.05,93,75,3.09,CA,1696978573
197,papao,-17.75,-149.55,29.82,78,82,3.11,PF,1696978573
198,nova sintra,14.8667,-24.7167,24.45,78,58,1.13,CV,1696978574
199,queenstown,-31.8976,26.8753,12.49,87,89,1.48,ZA,1696978574
200,bairnsdale,-37.8333,147.6167,15.59,76,7,0.19,AU,1696978574
201,vernon,50.2581,-119.2691,17.74,58,100,3.09,CA,1696978509
202,khawr fakkan,25.3313,56.342,31.03,60,0,0.74,AE,1696978574
203,cannonvale,-20.2833,148.7,23.66,67,43,7.01,AU,1696978575
204,smidovich,48.6,133.8167,8.29,62,1,3.8,RU,1696978575
205,tartagal,-22.5164,-63.8013,30.45,36,17,1.32,AR,1696978575
206,taltal,-25.4,-70.4833,17.39,74,23,2.08,CL,1696978221
207,mettur,11.8,77.8,23.9,93,99,1.52,IN,1696978575
208,tura,25.5198,90.2201,21.53,88,5,1.18,IN,1696978576
209,lebu,-37.6167,-73.65,10.06,71,40,8.45,CL,1696978576
210,brigantine,39.4101,-74.3646,18.34,78,75,3.09,US,1696978576
211,kourou,5.1552,-52.6478,28.03,78,0,4.2,GF,1696978576
212,beloyarskiy,63.7119,66.6722,2.78,84,83,5.81,RU,1696978576
213,al qusayr,34.5091,36.5798,18.94,86,4,1.0,SY,1696978576
214,wenzhou,27.9994,120.6668,18.19,80,100,1.95,CN,1696978577
215,island harbour,50.724,-1.2758,16.63,91,78,2.24,GB,1696978577
216,manavalakurichi,8.1333,77.3,25.88,86,99,2.67,IN,1696978577
217,ketchikan,55.3422,-131.6461,11.99,71,100,2.72,US,1696978577
218,igarka,67.4667,86.5833,2.26,88,100,8.79,RU,1696978549
219,lorengau,-2.0226,147.2712,28.98,76,76,5.08,PG,1696978578
220,mugia,43.1041,-9.2179,16.06,56,31,1.43,ES,1696978578
221,mejit,10.2753,170.8646,27.86,74,74,6.19,MH,1696978578
222,horta,38.5333,-28.6333,19.45,86,71,4.47,PT,1696978578
223,arkhara,49.4212,130.0842,5.98,63,6,1.34,RU,1696978578
224,mesquite,32.7668,-96.5992,27.58,60,40,4.12,US,1696978321
225,hasaki,35.7333,140.8333,16.27,53,83,9.42,JP,1696978579
226,dolores,-36.3132,-57.6792,17.06,73,100,7.01,AR,1696978573
227,carnarvon,-24.8667,113.6333,19.31,58,3,11.22,AU,1696978579
228,tres palos,18.1833,-101.6167,21.99,99,99,1.14,MX,1696978579
229,paoua,7.2427,16.4406,20.74,94,91,2.11,CF,1696978579
230,fada,9.5667,8.3,21.24,94,52,0.35,NG,1696978580
231,arkalyk,50.2486,66.9114,6.32,48,80,5.22,KZ,1696978580
232,hun,29.1268,15.9477,21.16,53,0,2.37,LY,1696978580
233,chonchi,-42.6128,-73.8092,9.56,66,41,3.11,CL,1696978580
234,cacoal,-11.4386,-61.4472,29.51,54,66,2.42,BR,1696978580
235,suoyarvi,62.0833,32.35,2.15,96,100,3.05,RU,1696978581
236,noumea,-22.2763,166.4572,25.0,99,71,5.97,NC,1696978215
237,fallon,39.4735,-118.7774,22.93,25,75,9.77,US,1696978581
238,camana,-16.6228,-72.7111,18.47,85,92,3.69,PE,1696978581
239,winnipeg,49.8844,-97.147,12.83,40,20,3.6,CA,1696977853
240,northam,51.0333,-4.2167,18.14,97,84,5.99,GB,1696978582
241,bhimunipatnam,17.8833,83.4333,25.4,80,7,1.61,IN,1696978582
242,curillo,1.0333,-75.9191,23.28,89,100,2.2,CO,1696978582
243,richards bay,-28.783,32.0377,22.12,88,98,3.64,ZA,1696978582
244,hell-ville,-13.4,48.2667,25.68,70,100,0.26,MG,1696978582
245,portland,45.5234,-122.6762,18.45,74,75,5.66,US,1696977778
246,byron bay,-28.65,153.6167,23.17,55,26,0.08,AU,1696978583
247,kingston,17.997,-76.7936,31.53,70,20,7.72,JM,1696978487
248,port mathurin,-19.6833,63.4167,23.35,76,47,6.34,MU,1696978583
249,coquimbo,-29.9533,-71.3436,14.85,77,20,5.14,CL,1696978583
250,pont rouge,48.8833,-72.0825,11.16,73,100,2.05,CA,1696978583
251,dzhalagash,45.0833,64.6667,9.44,44,88,3.02,KZ,1696978584
252,shiguai,40.7058,110.2856,10.06,49,83,1.86,CN,1696978584
253,pontianak,-0.0333,109.3333,24.99,94,20,0.51,ID,1696978584
254,mananjary,-21.2167,48.3333,20.57,89,95,4.39,MG,1696978584
255,dudinka,69.4058,86.1778,1.46,92,100,6.77,RU,1696978584
256,enewetak,11.3474,162.3373,28.83,75,86,7.44,MH,1696978585
257,yagoua,10.3411,15.2329,27.73,53,70,2.62,CM,1696978585
258,petra,30.3222,35.4793,15.35,90,67,1.5,JO,1696978343
259,kaa-khem,51.6833,94.7333,7.45,56,9,2.23,RU,1696978585
260,schwanewede,53.2333,8.6,17.7,78,100,1.79,DE,1696978585
261,hammerfest,70.6634,23.6821,0.25,74,0,2.57,NO,1696978586
262,san patricio,28.017,-97.5169,22.69,89,100,3.02,US,1696978586
263,alappuzha,9.49,76.3264,26.21,85,99,2.28,IN,1696978586
264,fale old settlement,-9.3852,-171.2468,27.99,79,67,5.08,TK,1696978586
265,duba,27.3513,35.6901,28.53,62,41,2.34,SA,1696978587
266,bakanas,44.8081,76.2772,18.66,27,100,3.74,KZ,1696978587
267,tokmok,42.8417,75.3016,16.43,25,100,1.17,KG,1696978587
268,broken hill,-31.95,141.4333,23.1,36,0,6.39,AU,1696978300
269,tralee,52.2704,-9.7026,14.98,95,100,2.67,IE,1696978587
270,novoishimskiy,53.1981,66.7694,5.46,69,99,3.23,KZ,1696978587
271,lerwick,60.1545,-1.1494,10.0,74,56,13.43,GB,1696978588
272,aksu,41.1231,80.2644,15.2,39,1,1.55,CN,1696978588
273,kyzburun pervyy,43.6517,43.395,8.72,85,97,1.55,RU,1696978588
274,saint-francois,46.4154,3.9054,15.36,95,0,1.03,FR,1696978588
275,alofi,-19.0595,-169.9187,25.94,57,40,6.69,NU,1696978588
276,white river,-25.3318,31.0117,19.04,94,63,3.09,ZA,1696978589
277,praia da vitoria,38.7333,-27.0667,22.14,73,20,9.31,PT,1696978589
278,tual,-5.6667,132.75,26.32,80,85,7.8,ID,1696978589
279,princeville,45.7668,-61.2985,14.12,91,41,2.57,CA,1696978589
280,alice springs,-23.7,133.8833,19.75,18,0,0.0,AU,1696978528
281,lagoa,39.05,-27.9833,20.23,83,88,11.52,PT,1696978589
282,tsiombe,-25.3,45.4833,20.86,87,94,5.66,MG,1696978590
283,mar del plata,-38.0023,-57.5575,17.01,77,0,4.12,AR,1696978590
284,kaiyuan,23.6977,103.3037,14.79,92,86,0.99,CN,1696978590
285,sao joaquim,-28.2939,-49.9317,10.03,97,2,1.62,BR,1696978590
286,shingu,33.7333,135.9833,17.8,65,96,2.0,JP,1696978590
287,puducherry,11.9333,79.8167,26.18,87,95,3.68,IN,1696978591
288,caribou,46.8606,-68.012,12.24,83,100,0.0,US,1696978291
289,flin flon,54.7682,-101.865,11.91,62,0,3.09,CA,1696978591
290,okha,53.5739,142.9478,8.02,75,21,6.84,RU,1696978591
291,trincomalee,8.5711,81.2335,26.12,85,96,4.06,LK,1696978591
292,zeya,53.75,127.2667,4.71,78,27,1.88,RU,1696978591
293,wynyard,-41.0,145.7167,12.74,62,38,2.68,AU,1696978592
294,mallow,52.1333,-8.6333,15.57,97,100,2.28,IE,1696978592
295,chipinge,-20.1883,32.6236,15.44,88,78,2.63,ZW,1696978592
296,chalonnes-sur-loire,47.3516,-0.7631,15.0,66,3,2.97,FR,1696978592
297,neftcala,39.3742,49.2472,16.86,80,100,3.83,AZ,1696978592
298,yulinshi,38.2906,109.7494,11.32,62,100,2.2,CN,1696978593
299,petropavlovsk-kamchatsky,53.0452,158.6483,4.33,89,40,4.92,RU,1696978593
300,laramie,41.3114,-105.5911,19.98,17,20,4.12,US,1696978559
301,qamdo,31.1667,97.2333,-0.58,82,56,2.29,CN,1696978593
302,salinopolis,-0.6136,-47.3561,27.27,76,26,6.11,BR,1696978594
303,hohhot,40.8106,111.6522,4.16,75,0,2.0,CN,1696978594
304,embu,-23.6489,-46.8522,18.39,93,56,3.83,BR,1696978594
305,tavda,58.0425,65.2726,4.83,64,84,2.68,RU,1696978594
306,orosei,40.3798,9.6929,19.88,55,1,1.62,IT,1696978594
307,cognac,45.5,-0.25,17.43,88,0,1.03,FR,1696978594
308,sovetskiy,61.3614,63.5842,1.05,80,71,2.24,RU,1696978595
309,betio village,1.358,172.9211,31.02,71,48,3.71,KI,1696978595
310,zelenogorskiy,55.0333,87.0,8.76,89,37,2.02,RU,1696978595
311,yuzhno-kurilsk,44.0306,145.8556,11.88,88,71,8.51,RU,1696978595
312,port-vila,-17.7338,168.3219,25.78,61,40,4.63,VU,1696978596
313,timbuktu,16.7735,-3.0074,33.84,22,60,2.67,ML,1696978596
314,codrington,-38.2667,141.9667,18.91,45,5,6.7,AU,1696978596
315,la'ie,21.6477,-157.9253,31.98,64,93,4.85,US,1696978596
316,kailua-kona,19.6406,-155.9956,29.17,72,20,5.14,US,1696978596
317,sao vicente,-23.9631,-46.3919,22.1,26,90,0.45,BR,1696978528
318,pitimbu,-7.4706,-34.8086,26.33,78,63,4.52,BR,1696978597
319,touros,-5.1989,-35.4608,25.73,76,43,6.55,BR,1696978345
320,rameswaram,9.2833,79.3,27.99,79,99,8.86,IN,1696978597
321,kerikeri,-35.2268,173.9474,16.06,93,90,2.19,NZ,1696978597
322,aleksandrov gay,50.147,48.5704,5.8,55,98,3.26,RU,1696978597
323,kanye,-24.9667,25.3327,19.94,63,100,1.32,BW,1696978598
324,bowling green,36.9903,-86.4436,20.96,41,0,3.09,US,1696978547
325,castillos,-34.1667,-53.8333,15.13,89,70,3.98,UY,1696978598
326,kone,-21.0595,164.8658,25.35,55,74,1.63,NC,1696978598
327,sao lourenco do sul,-31.3653,-51.9783,17.62,87,0,6.47,BR,1696978598
328,nadym,65.5333,72.5167,3.36,83,100,5.77,RU,1696978599
329,bikenibeu village,1.3673,173.1241,30.98,74,75,2.06,KI,1696978599
330,grand falls-windsor,48.9332,-55.6649,14.17,86,100,4.81,CA,1696978373
331,paveh,35.0434,46.3565,16.39,49,37,1.76,IR,1696978599
332,willowmore,-33.2926,23.4895,11.52,85,49,4.33,ZA,1696978599
333,pozoblanco,38.3791,-4.8483,18.05,35,3,0.25,ES,1696978599
334,luderitz,-26.6481,15.1594,14.47,88,14,2.43,NA,1696978600
335,weno,7.4515,151.8468,30.97,79,75,2.57,FM,1696978600
336,coahuayana de hidalgo,18.7,-103.6583,24.95,89,100,3.14,MX,1696978600
337,canutama,-6.5339,-64.3831,31.14,41,68,1.31,BR,1696978600
338,zapolyarnyy,69.4154,30.8136,-3.4,93,35,1.56,RU,1696978601
339,santa isabel,-23.3156,-46.2214,19.84,88,61,3.06,BR,1696978406
340,christchurch,-43.5333,172.6333,14.07,71,20,6.17,NZ,1696978324
341,sitka,57.0531,-135.33,11.94,82,20,1.54,US,1696978601
342,east ballina,-28.8667,153.5833,23.22,58,27,0.56,AU,1696978601
343,birobidzhan,48.8,132.95,5.46,65,0,2.42,RU,1696978602
344,pitangui,-19.6828,-44.8903,24.26,75,59,4.55,BR,1696978602
345,jinchang,38.4953,102.1739,11.88,42,100,3.36,CN,1696978602
346,new norfolk,-42.7826,147.0587,14.95,47,91,1.45,AU,1696978602
347,new yekepa,7.5794,-8.5378,20.87,98,91,1.04,LR,1696978602
348,mizan teferi,6.9833,35.5833,16.72,89,73,1.33,ET,1696978603
349,hat yai,7.0084,100.4767,25.1,94,40,0.51,TH,1696978603
350,timimoun,29.2639,0.231,24.21,29,0,6.17,DZ,1696978603
351,forster,-32.1667,152.5167,22.38,69,9,1.98,AU,1696978603
352,nikolayevka,53.1257,47.2041,-0.38,93,16,2.78,RU,1696978603
353,port douglas,-16.4833,145.4667,24.61,69,79,6.36,AU,1696978604
354,waterford,42.7023,-83.4027,8.95,92,100,4.63,US,1696978573
355,dieppe,49.75,1.1667,15.74,87,25,3.28,FR,1696978604
356,east london,-33.0153,27.9116,17.91,90,96,6.85,ZA,1696978509
357,ar rass,25.8694,43.4973,26.64,15,0,5.21,SA,1696978604
358,inirida,3.8653,-67.9239,22.25,94,100,1.96,CO,1696978605
359,castanhal,-1.2939,-47.9264,26.74,73,67,3.12,BR,1696978529
360,nguigmi,14.2495,13.1092,31.79,30,50,4.67,NE,1696978605
361,bredasdorp,-34.5322,20.0403,15.29,82,64,4.55,ZA,1696978605
362,poltava,49.5937,34.5407,1.26,68,0,2.9,UA,1696978605
363,miramichi,47.0043,-65.4654,12.1,55,65,2.29,CA,1696978606
364,borger,52.9233,6.7931,18.04,78,100,6.96,NL,1696978606
365,verdal,63.7933,11.4817,9.02,93,100,0.65,NO,1696978606
366,mosfellsbaer,64.1667,-21.7,4.01,70,75,17.49,IS,1696978606
367,port alfred,-33.5906,26.891,16.77,95,99,2.68,ZA,1696978607
368,keflavik,64.0049,-22.5624,4.24,65,75,14.4,IS,1696978607
369,monrovia,6.3005,-10.7969,25.87,87,74,2.89,LR,1696978585
370,adilabad,19.6667,78.5333,23.53,69,3,1.64,IN,1696978607
371,borogontsy,62.6683,131.1683,1.27,99,100,1.79,RU,1696978607
372,al ghayzah,16.2079,52.176,25.33,83,10,1.68,YE,1696978607
373,okhotsk,59.3833,143.3,2.29,91,100,2.6,RU,1696978608
374,beauharnois,45.3168,-73.8659,11.19,93,100,1.03,CA,1696978608
375,fonte boa,-2.4959,-66.2662,29.91,47,99,0.57,BR,1696978608
376,labrador city,52.9463,-66.9114,8.95,87,100,1.54,CA,1696978608
377,libreville,0.3925,9.4537,24.66,93,100,2.63,GA,1696978609
378,mil'kovo,55.6078,37.7956,0.23,92,45,3.02,RU,1696978609
379,egersund,58.4513,5.9997,15.05,97,98,7.78,NO,1696978609
380,fortuna,40.5982,-124.1573,17.19,100,75,4.12,US,1696978609
381,junin,-34.5838,-60.9433,21.05,63,97,4.81,AR,1696978610
382,waingapu,-9.6567,120.2641,25.94,74,12,1.59,ID,1696978610
383,broome,42.2506,-75.833,12.01,71,100,1.57,US,1696978610
384,brisas de zicatela,15.8369,-97.0419,28.76,79,99,5.39,MX,1696978610
385,san marcos de colon,13.4333,-86.8,23.85,94,87,1.64,HN,1696978610
386,aripuana,-9.1667,-60.6333,23.14,96,84,1.36,BR,1696978611
387,flying fish cove,-10.4217,105.6791,24.82,88,75,4.12,CX,1696978611
388,arica,-18.475,-70.3042,20.75,68,0,3.6,CL,1696978054
389,springs,-26.25,28.4,17.16,43,96,3.23,ZA,1696978611
390,gourcy,13.2167,-2.35,27.8,52,57,2.93,BF,1696978611
391,haiku-pauwela,20.9219,-156.3051,29.01,54,40,9.26,US,1696978612
392,kalilangan,7.8211,124.7314,20.55,97,100,0.71,PH,1696978612
393,velikiye luki,56.34,30.5452,2.46,83,62,3.01,RU,1696978367
394,san pedro de uraba,8.2752,-76.3764,25.9,92,97,1.75,CO,1696978612
395,itoman,26.1247,127.6694,26.43,62,40,8.23,JP,1696978612
396,eyl,7.9803,49.8164,26.29,86,100,4.05,SO,1696978613
397,massillon,40.7967,-81.5215,14.29,47,100,2.57,US,1696978613
398,alaghsas,17.0187,8.0168,29.88,16,10,7.02,NE,1696978613
399,saldanha,-33.0117,17.9442,13.03,81,0,3.57,ZA,1696978613
400,bardai,11.65,7.2333,25.25,38,9,1.9,NG,1696978613
401,boende,-0.2167,20.8667,20.35,99,99,1.17,CD,1696978614
402,taulaga,-11.0553,-171.0883,27.68,82,64,8.51,AS,1696978614
403,hunchun,42.8675,130.3581,10.27,62,0,1.41,CN,1696978614
404,khash,28.2211,61.2158,20.97,17,0,1.04,IR,1696978614
405,talodi,10.6325,30.3797,26.41,63,77,2.01,SD,1696978615
406,rampur,28.8167,79.0333,22.66,65,0,1.99,IN,1696978615
407,taoudenni,22.6783,-3.9836,29.72,16,62,5.26,ML,1696978615
408,kabo,7.6994,18.629,21.84,92,18,1.75,CF,1696978615
409,moroni,-11.7022,43.2551,24.2,81,14,0.74,KM,1696978615
410,nizhnesortymskiy,62.4397,71.7603,3.34,88,93,4.91,RU,1696978616
411,kununurra,-15.7667,128.7333,25.99,73,87,0.0,AU,1696978616
412,gonabad,34.3529,58.6837,20.28,24,7,0.98,IR,1696978616
413,hotan,37.0997,79.9269,13.77,38,1,1.3,CN,1696978616
414,taroa,8.7058,171.2275,28.17,78,96,6.2,MH,1696978616
415,kostyantynivka,48.5277,37.7069,3.11,80,54,3.14,UA,1696978616
416,sisimiut,66.9395,-53.6735,0.48,91,100,3.84,GL,1696978617
417,sangmelima,2.9333,11.9833,19.32,96,52,0.95,CM,1696978617
418,carutapera,-1.195,-46.02,26.85,79,20,4.3,BR,1696978617
419,jaragua,-15.7569,-49.3344,26.65,62,100,2.73,BR,1696978444
420,la grande,45.3246,-118.0877,15.0,88,100,0.44,US,1696978530
421,chegdomyn,51.1167,133.0167,3.45,77,13,0.12,RU,1696978617
422,muroto-misakicho,33.2833,134.15,19.96,59,100,6.47,JP,1696978618
423,le passage,44.2014,0.6028,14.08,77,0,1.03,FR,1696978618
424,nar'yan-mar,67.6713,53.087,1.17,76,54,4.02,RU,1696978618
425,tezu,27.9167,96.1667,21.04,98,70,1.42,IN,1696978618
426,barra dos coqueiros,-10.9089,-37.0386,26.01,78,20,4.12,BR,1696978618
427,kathu,7.9178,98.3332,24.9,81,99,4.37,TH,1696978619
428,puerto baquerizo moreno,-0.9,-89.6,26.55,74,75,4.63,EC,1696978346
429,colonia,50.9333,6.95,19.93,75,0,3.09,DE,1696978617
430,marsa alam,25.0757,34.8918,28.01,57,0,6.48,EG,1696978619
431,victoria falls,-17.9235,25.843,24.72,28,3,2.45,ZW,1696978619
432,salahonda,2.1019,-78.7217,26.27,85,88,6.79,CO,1696978620
433,namie,37.4833,141.0,17.62,61,35,5.48,JP,1696978620
434,cidreira,-30.1811,-50.2056,18.35,87,1,10.49,BR,1696978620
435,callaway,30.153,-85.5699,24.41,59,20,2.06,US,1696978620
436,ishikawa,26.4233,127.8214,26.41,75,40,3.6,JP,1696978620
437,yelizovo,53.1873,158.3805,5.08,75,40,3.13,RU,1696978620
438,bullhead city,35.1478,-114.5683,36.03,18,1,4.02,US,1696978621
439,howard springs,-12.497,131.047,28.79,61,86,3.1,AU,1696978621
440,la sarre,48.8002,-79.1996,3.57,95,100,2.45,CA,1696978621
441,amurzet,47.6967,131.0981,8.73,64,1,2.56,RU,1696978621
442,ancud,-41.8697,-73.8203,7.98,61,82,4.77,CL,1696978621
443,alvand,36.3187,49.1678,12.43,55,34,2.62,IR,1696978622
444,nema,57.5067,50.5011,3.9,95,100,2.63,RU,1696978622
445,antsiranana,-12.2787,49.2917,22.28,87,74,5.22,MG,1696978622
446,mukalla,14.5425,49.1242,27.26,78,41,2.32,YE,1696978622
447,copala,16.65,-98.9833,25.29,85,100,3.3,MX,1696978622
448,luorong,24.4058,109.6086,18.82,77,98,3.08,CN,1696978623
449,cheremukhovo,60.3484,59.9851,3.31,75,92,4.92,RU,1696978623
450,misratah,32.3754,15.0925,23.7,66,0,2.45,LY,1696978623
451,meadow lake,34.8014,-106.5436,25.71,27,88,4.46,US,1696978623
452,donggongon,5.907,116.1015,25.96,83,20,1.54,MY,1696978624
453,tadine,-21.55,167.8833,22.92,59,84,4.73,NC,1696978624
454,altai,46.3722,96.2583,3.24,61,32,1.27,MN,1696978624
455,nikol'sk,53.7189,46.0712,-0.99,96,22,3.14,RU,1696978624
456,lycksele,64.5954,18.6735,3.93,93,100,4.63,SE,1696978624
457,springbok,-29.6643,17.8865,11.03,79,2,2.11,ZA,1696978625
458,park forest village,40.8067,-77.9169,14.04,65,75,2.57,US,1696978625
459,veraval,20.9,70.3667,25.05,80,7,2.94,IN,1696978625
460,amursk,50.2261,136.8994,6.66,79,0,2.4,RU,1696978625
461,kruisfontein,-34.0033,24.7314,14.38,95,99,1.91,ZA,1696978625
462,nantucket,41.2835,-70.0995,15.56,85,0,4.12,US,1696978572
463,chamical,-30.36,-66.314,27.74,22,0,3.96,AR,1696978626
464,khedbrahma,24.0333,73.05,23.05,64,4,0.18,IN,1696978626
465,chake chake,-5.2459,39.7666,23.56,88,7,2.73,TZ,1696978626
466,tolanaro,-25.0319,46.9987,24.04,88,40,4.12,MG,1696978626
467,manado,1.487,124.8455,27.43,69,20,3.6,ID,1696978627
468,cove,7.221,2.3402,23.66,95,99,1.86,BJ,1696978627
469,eastham,41.8301,-69.9739,15.55,85,44,3.84,US,1696978627
470,konibodom,40.2843,70.4426,18.13,32,90,1.09,TJ,1696978627
471,elko,41.0002,-115.5012,20.01,18,100,8.94,US,1696978627
472,ugoofaaru,5.6667,73.0,27.1,80,98,4.9,MV,1696978628
473,asha,54.9973,57.2722,3.99,92,100,2.68,RU,1696978628
474,sundargarh,22.1167,84.0333,23.29,77,15,1.63,IN,1696978628
475,nicoya,10.1483,-85.452,26.72,87,100,1.15,CR,1696978609
476,san julian,21.0167,-102.1667,16.66,74,79,4.36,MX,1696978628
477,woolgoolga,-30.1106,153.2007,22.8,72,7,3.09,AU,1696978629
478,labytnangi,66.6572,66.4183,1.32,87,93,3.63,RU,1696978629
479,halmstad,56.6745,12.8568,15.57,100,75,8.23,SE,1696978629
480,juva,56.4368,57.9478,3.7,88,99,3.36,RU,1696978629
481,greenville,35.6127,-77.3663,22.01,73,0,0.0,US,1696978629
482,kelkit,40.1298,39.4361,7.0,94,23,1.75,TR,1696978630
483,porto novo,6.4965,2.6036,25.97,86,100,2.46,BJ,1696978459
484,changling,44.2653,124.0005,9.98,47,0,2.51,CN,1696978630
485,dryden,49.7833,-92.7503,7.16,76,100,2.57,CA,1696978630
486,kokoda,-8.8785,147.7407,28.15,80,99,1.72,PG,1696978630
487,conceicao do araguaia,-8.2578,-49.2647,32.29,32,63,1.57,BR,1696978630
488,midoun,33.8081,10.9923,19.92,62,2,1.68,TN,1696978631
489,santo antonio,-6.3106,-35.4789,23.46,78,39,4.3,BR,1696978631
490,livno,43.8269,17.0078,17.64,72,35,2.38,BA,1696978631
491,smara,26.7384,-11.6719,26.61,21,0,4.6,EH,1696978631
492,fuglafjordur,62.244,-6.814,8.26,77,69,14.32,FO,1696978631
493,fort st. john,56.2499,-120.8529,14.94,47,75,1.54,CA,1696978380
494,nouadhibou,20.931,-17.0347,24.99,83,65,1.03,MR,1696978521
495,dunedin,-45.8742,170.5036,14.48,49,33,1.79,NZ,1696978632
496,machico,32.7,-16.7667,25.62,46,20,1.03,PT,1696978632
497,laojunmiao,39.8333,97.7333,6.5,40,100,1.25,CN,1696978632
498,kuqa,41.7278,82.9364,14.7,54,5,0.31,CN,1696978632
499,eldorado,-23.7869,-54.2836,23.96,69,6,3.24,BR,1696978633
500,ofunato,39.0717,141.7167,15.67,76,14,1.49,JP,1696978633
501,mao,39.8885,4.2658,20.31,88,20,1.03,ES,1696978633
502,bel ombre,-4.6167,55.4167,26.91,83,20,3.6,SC,1696978633
503,pandan,14.0453,124.1694,27.38,87,95,2.56,PH,1696978634
504,kertih,4.5141,103.4483,25.05,94,42,0.0,MY,1696978634
505,jasrana,27.25,78.6833,26.67,48,1,0.9,IN,1696978634
506,great falls,47.5002,-111.3008,23.54,38,20,8.23,US,1696978582
507,bykhaw,53.5193,30.2469,1.39,65,83,2.26,BY,1696978634
508,dan gora,11.5349,8.1522,25.52,37,11,1.47,NG,1696978635
509,isiro,2.7739,27.616,19.98,100,100,1.46,CD,1696978635
510,antalaha,-14.9003,50.2788,21.07,87,100,1.96,MG,1696978635
511,seydi,39.4816,62.9137,15.83,43,96,5.01,TM,1696978635
512,ambodifotatra,-16.9833,49.85,23.24,84,24,2.01,MG,1696978635
513,bereznik,62.8551,42.7072,0.55,97,93,2.26,RU,1696978636
514,tonj,7.2737,28.6822,21.63,91,100,2.16,SS,1696978636
515,martapura,-3.4167,114.85,22.05,100,98,2.06,ID,1696978636
516,noyabrsk,63.1994,75.4507,3.46,71,31,7.6,RU,1696978636
517,high river,50.5834,-113.8687,21.76,44,100,6.43,CA,1696978636
518,penzance,50.1186,-5.5371,16.38,92,81,6.56,GB,1696978112
519,koronowo,53.3137,17.937,11.02,96,100,3.31,PL,1696978637
520,huarmey,-10.0681,-78.1522,20.47,80,57,5.13,PE,1696978637
521,tomatlan,19.9333,-105.25,22.01,96,100,10.0,MX,1696978637
522,ta`u,-14.2336,-169.5144,26.76,79,76,8.74,AS,1696978637
523,quang ngai,15.1167,108.8,24.01,90,88,2.14,VN,1696978637
524,querqueville,49.6625,-1.6912,15.82,100,100,6.69,FR,1696978638
525,huanggang,23.677,116.9996,22.94,85,46,2.93,CN,1696978638
526,vila franca do campo,37.7167,-25.4333,22.23,99,91,6.22,PT,1696978638
527,iranshahr,27.2025,60.6848,27.85,26,0,0.17,IR,1696978638
528,freetown,8.484,-13.2299,25.59,87,100,3.16,SL,1696978638
529,ulsteinvik,62.3432,5.8487,10.5,86,100,9.39,NO,1696978639
530,kavieng,-2.5744,150.7967,28.79,77,87,5.4,PG,1696978639
531,guankou,28.15,113.6333,15.89,93,54,0.77,CN,1696978639
532,mahina,-17.5065,-149.489,29.87,62,75,2.06,PF,1696978639
533,ponta delgada,37.7333,-25.6667,22.4,83,20,6.69,PT,1696978639
534,mossel bay,-34.1831,22.146,11.96,90,22,3.74,ZA,1696978640
535,dingzhou,38.5131,114.9956,10.06,59,0,0.19,CN,1696978640
536,kerrville,30.0474,-99.1403,22.52,76,100,5.66,US,1696977995
537,mantua,45.1667,10.7833,19.58,89,43,2.58,IT,1696978640
538,margate,51.3813,1.3862,15.39,84,100,2.24,GB,1696978640
539,villa regina,-39.1,-67.0667,14.43,15,100,0.89,AR,1696978640
540,stornoway,58.2093,-6.3865,7.98,86,20,4.12,GB,1696978641
541,whangarei,-35.7317,174.3239,15.73,70,80,2.91,NZ,1696978641
542,mahibadhoo,3.7833,72.9667,28.06,77,94,6.47,MV,1696978641
543,ocean shores,46.9737,-124.1563,16.0,93,75,9.77,US,1696978529
544,zhezqazghan,47.7833,67.7667,9.62,33,97,5.35,KZ,1696978641
545,verkhnevilyuysk,63.4453,120.3167,7.75,74,100,3.58,RU,1696978642
546,namibe,-15.1961,12.1522,19.47,85,98,1.08,AO,1696978642
547,siocon,7.7061,122.1353,25.79,91,100,1.7,PH,1696978642
548,pisco,-13.7,-76.2167,20.03,77,0,9.77,PE,1696978642
549,tyukhtet,56.5389,89.3011,10.11,76,36,2.77,RU,1696978643
550,dzhambeyty,50.2536,52.595,4.02,71,62,3.52,KZ,1696978643
551,dzhangala,49.2167,50.3333,5.48,54,93,3.78,KZ,1696978643
552,muscat,23.6139,58.5922,30.03,55,1,1.43,OM,1696978643
553,tchintabaraden,15.8969,5.7985,31.53,14,59,4.26,NE,1696978644
554,parras de la fuente,25.4167,-102.1833,14.64,87,100,3.19,MX,1696978644
555,andergrove,-21.0833,149.1833,25.91,65,8,6.09,AU,1696978644
556,wimpassing,48.1648,13.9863,12.13,89,34,1.03,AT,1696978644
557,kimbe,-5.5502,150.1429,29.66,71,96,0.18,PG,1696978644
558,bambari,5.768,20.6757,20.33,97,82,0.4,CF,1696978645
559,oriximina,-1.7656,-55.8661,30.48,41,6,1.27,BR,1696978378
560,jilib,0.4883,42.7854,25.06,76,74,3.53,SO,1696978645
